split,variant,target,mae,rmse
val,physics_only,load,41.54916379115482,60.37129626031484
val,physics_only,pv,1.132990207401333,3.394965871226207
val,hybrid_twin,load,7.109082416433301,11.191826965039926
val,hybrid_twin,pv,1.928971577345116,3.8096501257260806
test,physics_only,load,92.7003439188594,128.58792161052543
test,physics_only,pv,0.9519597067299757,2.5526825566534264
test,hybrid_twin,load,10.43231333909151,14.424341484915344
test,hybrid_twin,pv,2.1228774232144905,3.9900711441954906
